,mse,r2
Linear Regression,7.596795555370576e-27,1.0
Random Forest Regressor,0.2535884668828166,0.9998443043595748
XGBoost Regressor,0.46771334229318096,0.9997128248214722
