,accuracy,f1_macro,roc_auc,conf_matrix
Logistic Regression,0.6022233802327601,0.42453742228970337,0.5085535457502446,"[[3333, 145], [2145, 134]]"
Random Forest,0.5603612992878235,0.5169413856722389,0.5204975498217215,"[[2476, 1002], [1529, 750]]"
XGBoost,0.5954490185860691,0.48834171281132266,0.5228385355097332,"[[3031, 447], [1882, 397]]"
